ELE101 (LOE);AYUDANTE DE INSTALACIONES ELECTROTÉCNICAS Y DE TELECOMUNICACIONES;PROGRAMA DE INICIACIÓN PROFESIONAL;351
ARG101;OPERARIO DE IMPRENTA RÁPIDA Y MANIPULADOS;PROGRAMA DE INICIACIÓN PROFESIONAL;121
IMP101;AUXILIAR DE PELUQUERÍA;PROGRAMA DE INICIACIÓN PROFESIONAL;122
SAN102;CUIDADOS AUXILIARES DE GERIATRÍA;PROGRAMA DE INICIACIÓN PROFESIONAL;123
FME102;OPERARIO DE SOLDADURA;PROGRAMA DE INICIACIÓN PROFESIONAL;124
VIC101;OPERARIO DE INDUSTRIAS CERÁMICAS;PROGRAMA DE INICIACIÓN PROFESIONAL;125
TCP101;OPERARIO MAQUINISTA DE CONFECCIÓN INDUSTRIAL;PROGRAMA DE INICIACIÓN PROFESIONAL;126
FME101;OPERARIO DE CONSTRUCCIONES METÁLICAS DE ALUMINIO;PROGRAMA DE INICIACIÓN PROFESIONAL;127
ADG101;AYUDANTE ADMINISTRATIVO;PROGRAMA DE INICIACIÓN PROFESIONAL;128
CIS102;AUXILIAR DEPENDIENTE DE COMERCIO EN IMÁGEN Y SONIDO;PROGRAMA DE INICIACIÓN PROFESIONAL;129
HOT103;AUXILIAR DE ALOJAMIENTO, LENCERÍA Y LAVANDERÍA;PROGRAMA DE INICIACIÓN PROFESIONAL;130
CIS101;AUXILIAR DE LABORATORIO DE IMAGEN FOTOGRÁFICA;PROGRAMA DE INICIACIÓN PROFESIONAL;131
SSC101;AUXILIAR DE AYUDA A DOMICILIO Y RESIDENCIAS ASISTIDAS;PROGRAMA DE INICIACIÓN PROFESIONAL;132
FME103;OPERARIO DE MECANIZADO;PROGRAMA DE INICIACIÓN PROFESIONAL;133
COM101;AUXILIAR DEPENDIENTE DE COMERCIO;PROGRAMA DE INICIACIÓN PROFESIONAL;134
HOT101;AYUDANTE DE COCINA;PROGRAMA DE INICIACIÓN PROFESIONAL;135
HOT102;AYUDANTE DE RESTAURANTE Y BAR;PROGRAMA DE INICIACIÓN PROFESIONAL;136
ACA101;OPERARIO DE ACTIVIDADES FORESTALES;PROGRAMA DE INICIACIÓN PROFESIONAL;137
MVA102;AYUDANTE DE REPARACIÓN DE VEHÍCULOS;PROGRAMA DE INICIACIÓN PROFESIONAL;138
ACA104;AUXILIAR DE FLORISTERÍA;PROGRAMA DE INICIACIÓN PROFESIONAL;139
INA102;OPERARIO DE MATADERO Y PRIMERAS TRANSFORMACIONES CÁRNICAS;PROGRAMA DE INICIACIÓN PROFESIONAL;140
ELE101;OPERARIO DE INSTALACIONES ELÉCTRICAS DE BAJA TENSIÓN;PROGRAMA DE INICIACIÓN PROFESIONAL;141
MSP101;OPERARIO DE MANIPULADOS AUXILIARES DE LA INDUSTRIA;PROGRAMA DE INICIACIÓN PROFESIONAL;142
MAM103;OPERARIO DE MECANIZADO DE LA MADERA;PROGRAMA DE INICIACIÓN PROFESIONAL;143
MAM101;OPERARIO DE CARPINTERÍA;PROGRAMA DE INICIACIÓN PROFESIONAL;144
MVA103;AYUDANTE DE REPARACIÓN DE MOTOCICLETAS;PROGRAMA DE INICIACIÓN PROFESIONAL;145
MAM102;OPERARIO DE FABRICACIÓN E INSTALACIÓN DE MUEBLES MODULARES;PROGRAMA DE INICIACIÓN PROFESIONAL;146
MVA101;AYUDANTE DE CARROCERÍA;PROGRAMA DE INICIACIÓN PROFESIONAL;147
MSP102;OPERARIO DE MANTENIMIENTO BÁSICO DE EDIFICIOS;PROGRAMA DE INICIACIÓN PROFESIONAL;149
SAN101;AUXILIAR DE TRANSPORTE SANITARIO;PROGRAMA DE INICIACIÓN PROFESIONAL;150
AFD101;AUXILIAR DE DEPORTE DE TIEMPO LIBRE;PROGRAMA DE INICIACIÓN PROFESIONAL;151
INA101;AYUDANTE DE PANADERÍA Y REPOSTERÍA;PROGRAMA DE INICIACIÓN PROFESIONAL;152
TVA;TRANSICION A LA VIDA ADULTA;PROGRAMA DE INICIACIÓN PROFESIONAL;1242
EOC101;OPERARIO DE ALBAÑILERIA;PROGRAMA DE INICIACIÓN PROFESIONAL;148
EOC102;OPERARIO DE FONTANERÍA;PROGRAMA DE INICIACIÓN PROFESIONAL;155
MSP103;OPERARIO DE REFRIGERACIÓN Y CLIMATIZACIÓN;PROGRAMA DE INICIACIÓN PROFESIONAL;153
INA103;OPERARIO VITICULTOR Y DE ELABORACIÓN DE VINOS;PROGRAMA DE INICIACIÓN PROFESIONAL;154
ACA103;OPERARIO DE VIVEROS Y JARDINES;PROGRAMA DE INICIACIÓN PROFESIONAL;156
ACA102;OPERARIO DE CULTIVOS HORTÍCOLAS;PROGRAMA DE INICIACIÓN PROFESIONAL;157
QUI201;LABORATORIO;CICLO FORMATIVO GRADO MEDIO;26
HOT202;PASTELERÍA Y PANADERÍA;CICLO FORMATIVO GRADO MEDIO;27
HOT201;COCINA;CICLO FORMATIVO GRADO MEDIO;28
INA204;ELABORACIÓN DE VINOS Y OTRAS BEBIDAS;CICLO FORMATIVO GRADO MEDIO;29
FME203;SOLDADURA Y CALDERERÍA;CICLO FORMATIVO GRADO MEDIO;30
FME202;MECANIZADO;CICLO FORMATIVO GRADO MEDIO;31
FME201;FUNDICIÓN;CICLO FORMATIVO GRADO MEDIO;32
INA205;MATADERO Y CARNICERÍA-CHARCUTERÍA;CICLO FORMATIVO GRADO MEDIO;33
INA207;PANIFICACIÓN Y REPOSTERÍA;CICLO FORMATIVO GRADO MEDIO;34
SAN202 (LOE);FARMACIA Y PARAFARMACIA;CICLO FORMATIVO GRADO MEDIO;377
SAN203 (LOE);EMERGENCIAS SANITARIAS;CICLO FORMATIVO GRADO MEDIO;378
EOC201 (LOE);OBRAS DE INTERIOR, DECORACIÓN Y REHABILITACIÓN;CICLO FORMATIVO GRADO MEDIO;943
EOC203 (LOE);CONSTRUCCIÓN;CICLO FORMATIVO GRADO MEDIO;944
IMA201 (LOE);MANTENIMIENTO ELECTROMECÁNICO;CICLO FORMATIVO GRADO MEDIO;902
QUI201 (LOE);OPERACIONES DE LABORATORIO;CICLO FORMATIVO GRADO MEDIO;961
IMP202 (LOE);ESTÉTICA Y BELLEZA;CICLO FORMATIVO GRADO MEDIO;962
COM201 (LOE);ACTIVIDADES COMERCIALES;CICLO FORMATIVO GRADO MEDIO;964
ARG202 (LOE);IMPRESIÓN GRÁFICA;CICLO FORMATIVO GRADO MEDIO;968
IMS202 (LOE);VIDEO, DISC-JOCKEY Y SONIDO;CICLO FORMATIVO GRADO MEDIO;972
SEA201 (LOE);EMERGENCIAS Y PROTECCIÓN CIVIL;CICLO FORMATIVO GRADO MEDIO;1002
TMV202 (LOE);ELECTROMECÁNICA DE VEHÍCULOS AUTOMÓVILES;CICLO FORMATIVO GRADO MEDIO;641
SSC201 (LOE);ATENCIÓN A PERSONAS EN SITUACIÓN DE DEPENDENCIA;CICLO FORMATIVO GRADO MEDIO;642
IMA202 (LOE);INSTALACIONES FRIGORÍFICAS Y DE CLIMATIZACIÓN;CICLO FORMATIVO GRADO MEDIO;647
IMA203 (LOE);INSTALACIONES DE PRODUCCIÓN DE CALOR;CICLO FORMATIVO GRADO MEDIO;648
EOC204;OPERACIÓN Y MANTENIMIENTO DE MAQUINARIA DE CONSTRUCCIÓN;CICLO FORMATIVO GRADO MEDIO;649
AGA204 (LOE);JARDINERÍA Y FLORISTERÍA;CICLO FORMATIVO GRADO MEDIO;651
ARG203 (LOE);PREIMPRESIÓN DIGITAL;CICLO FORMATIVO GRADO MEDIO;942
IMP203 (LOE);PELUQUERÍA Y COSMÉTICA CAPILAR;CICLO FORMATIVO GRADO MEDIO;945
MAM201 (LOE);INSTALACIÓN Y AMUEBLAMIENTO;CICLO FORMATIVO GRADO MEDIO;946
IMA202 (TARDE);INSTALACIÓN Y MANTENIMIENTO ;CICLO FORMATIVO GRADO MEDIO;1107
IMA 203 (TARDE);INSTALACIÓN Y MANTENIMIENTO (TARDE);CICLO FORMATIVO GRADO MEDIO;1108
ART202;ASISTENCIA A PRODUCTO GRÁFICO INTERACTIVO;CICLO FORMATIVO GRADO MEDIO;1227
G.M. HÍPICA;GRADO MEDIO DE TÉCNICO DEPORTIVO DE LAS DISCIPLINAS HÍPICAS DE SALTO, DOMA Y CONCURSO COMPLETO;CICLO FORMATIVO GRADO MEDIO;1287
FME201 (LOE);CONFORMADO POR MOLDEO DE METALES Y POLÍMEROS;CICLO FORMATIVO GRADO MEDIO;1327
MSP201;INSTALACIÓN Y MANTENIMIENTO ELECTROMECÁNICO DE MAQUINARIA Y CONDUCCIÓN DE LÍNEAS;CICLO FORMATIVO GRADO MEDIO;24
ELE202 (LOE);INSTALACIONES ELÉCTRICAS Y AUTOMÁTICAS;CICLO FORMATIVO GRADO MEDIO;352
ADG201 (LOE);GESTION ADMINISTRATIVA;CICLO FORMATIVO GRADO MEDIO;441
AGA201 (LOE);PRODUCCION AGROPECUARIA;CICLO FORMATIVO GRADO MEDIO;442
ELE203 (LOE);INSTALACIONES DE TELECOMUNICACIONES;CICLO FORMATIVO GRADO MEDIO;461
IEX201;EXCAVACIONES Y SONDEOS;CICLO FORMATIVO GRADO MEDIO;1202
TMV201 (LOE);CARROCERÍA;CICLO FORMATIVO GRADO MEDIO;385
HOT201 (LOE);COCINA Y GASTRONOMÍA;CICLO FORMATIVO GRADO MEDIO;362
HOT203 (LOE);SERVICIOS EN RESTAURACIÓN;CICLO FORMATIVO GRADO MEDIO;363
INA207 (LOE);PANADERÍA, REPOSTERÍA Y CONFITERÍA;CICLO FORMATIVO GRADO MEDIO;367
IFC201 (LOE);SISTEMAS MICROINFORMÁTICOS Y REDES;CICLO FORMATIVO GRADO MEDIO;370
QUI204 (LOE);PLANTA QUÍMICA;CICLO FORMATIVO GRADO MEDIO;374
HOT203;SERVICIOS DE RESTAURANTE Y BAR;CICLO FORMATIVO GRADO MEDIO;35
IMP203;PELUQUERÍA;CICLO FORMATIVO GRADO MEDIO;36
IMP202;ESTÉTICA PERSONAL DECORATIVA;CICLO FORMATIVO GRADO MEDIO;37
ACA201;EXPLOTACIONES AGRARIAS EXTENSIVAS;CICLO FORMATIVO GRADO MEDIO;38
COM201;COMERCIO;CICLO FORMATIVO GRADO MEDIO;39
ACA205;TRABAJOS FORESTALES Y DE CONSERVACIÓN DEL MEDIO NATURAL;CICLO FORMATIVO GRADO MEDIO;40
AFD201;CONDUCCIÓN DE ACTIVIDADES FÍSICO-DEPORTIVAS EN EL MEDIO NATURAL;CICLO FORMATIVO GRADO MEDIO;41
ACA202;EXPLOTACIONES AGRICOLAS INTENSIVAS;CICLO FORMATIVO GRADO MEDIO;42
ACA203;EXPLOTACIONES GANADERAS;CICLO FORMATIVO GRADO MEDIO;43
ARG203;PREIMPRESIÓN EN ARTES GRÁFICAS;CICLO FORMATIVO GRADO MEDIO;44
ART201;ASISTENCIA AL PRODUCTO GRÁFICO IMPRESO;CICLO FORMATIVO GRADO MEDIO;45
ACA204;JARDINERÍA;CICLO FORMATIVO GRADO MEDIO;46
CIS201;LABORATORIO DE IMAGEN;CICLO FORMATIVO GRADO MEDIO;47
ADM201;GESTIÓN ADMINISTRATIVA;CICLO FORMATIVO GRADO MEDIO;48
AGA205 (LOE);APROVECHAMIENTO Y CONSERVACIÓN DEL MEDIO NATURAL;CICLO FORMATIVO GRADO MEDIO;941
FME202 (LOE);MECANIZADO;CICLO FORMATIVO GRADO MEDIO;355
FME203 (LOE);SOLDADURA Y CALDERERÍA;CICLO FORMATIVO GRADO MEDIO;356
TMV204 (LOE);ELECTROMECÁNICA DE MAQUINARIA;CICLO FORMATIVO GRADO MEDIO;1042
MAM202 (LOE);CARPINTERÍA Y MUEBLE;CICLO FORMATIVO GRADO MEDIO;1043
TCP202 (LOE);CONFECCIÓN Y MODA;CICLO FORMATIVO GRADO MEDIO;562
FFS211;FÚTBOL (NIVEL I);CICLO FORMATIVO GRADO MEDIO;161
FFS222;FÚTBOL SALA (NIVEL II);CICLO FORMATIVO GRADO MEDIO;181
INV211;ESQUI ALPINO (NIVEL I);CICLO FORMATIVO GRADO MEDIO;201
INV212;ESQUI DE FONDO (NIVEL I);CICLO FORMATIVO GRADO MEDIO;221
INV223;SNOWBOARD (NIVEL II);CICLO FORMATIVO GRADO MEDIO;241
ATL221;ATLETÍSMO (NIVEL II);CICLO FORMATIVO GRADO MEDIO;261
ARG202;IMPRESIÓN EN ARTES GRÁFICAS;CICLO FORMATIVO GRADO MEDIO;281
INA201 (LOE);ELABORACIÓN DE PRODUCTOS ALIMENTICIOS;CICLO FORMATIVO GRADO MEDIO;561
MES202;BARRANCOS (NIVEL II);CICLO FORMATIVO GRADO MEDIO;1
MES201;ALTA MONTAÑA (NIVEL II);CICLO FORMATIVO GRADO MEDIO;2
ELE201;EQUIPOS ELECTRÓNICOS DE CONSUMO;CICLO FORMATIVO GRADO MEDIO;3
INV221;ESQUI APINO (NIVEL II);CICLO FORMATIVO GRADO MEDIO;4
MES204;MEDIA MONTAÑA (NIVEL II);CICLO FORMATIVO GRADO MEDIO;5
MES203;ESCALADA (NIVEL II);CICLO FORMATIVO GRADO MEDIO;6
ELE202;EQUIPOS E INSTALACIONES ELECTROTÉCNICAS;CICLO FORMATIVO GRADO MEDIO;7
MVA202;ELECTROMECÁNICA DE VEHÍCULOS;CICLO FORMATIVO GRADO MEDIO;8
MES200;MONTAÑA Y ESCALADA (NIVEL I);CICLO FORMATIVO GRADO MEDIO;9
EOC202;OBRAS DE ALBAÑÍLERÍA;CICLO FORMATIVO GRADO MEDIO;10
EOC201;ACABADOS DE CONSTRUCCIÓN;CICLO FORMATIVO GRADO MEDIO;11
FFS212;FÚTBOL SALA (NIVEL I);CICLO FORMATIVO GRADO MEDIO;12
FFS221;FÚTBOL (NIVEL II);CICLO FORMATIVO GRADO MEDIO;13
INV222;ESQUI DE FONDO (NIVEL II);CICLO FORMATIVO GRADO MEDIO;14
ATL211;ATLETÍSMO (NIVEL I);CICLO FORMATIVO GRADO MEDIO;15
INV213;SNOWBOARD (NIVEL I);CICLO FORMATIVO GRADO MEDIO;16
MSP203;MONTAJE Y MANTENIMIENTO DE  INSTALACIONES DE FRÍO, CLIMATIZACIÓN Y PRODUCCIÓN DE CALOR;CICLO FORMATIVO GRADO MEDIO;17
SAN202;FARMACIA;CICLO FORMATIVO GRADO MEDIO;18
INF201;EXPLOTACIÓN DE SISTEMAS INFORMÁTICOS;CICLO FORMATIVO GRADO MEDIO;19
MAM201;FABRICACIÓN A MEDIDA E INSTALACIÓN DE CARPINTERÍA Y MUEBLE;CICLO FORMATIVO GRADO MEDIO;20
MVA201;CARROCERÍA;CICLO FORMATIVO GRADO MEDIO;21
SAN201;CUIDADOS AUXILIARES DE ENFERMERÍA;CICLO FORMATIVO GRADO MEDIO;22
SSC201;ATENCIÓN SOCIOSANITARIA;CICLO FORMATIVO GRADO MEDIO;23
QUI204;OPERACIONES DE PROCESO EN PLANTA QUÍMICA;CICLO FORMATIVO GRADO MEDIO;25
IMS305;ANIMACIONES 3D, JUEGOS Y ENTORNOS INTERACTIVOS;CICLO FORMATIVO GRADO SUPERIOR;1282
ENA301 (LOE);EFICENCIA ENERGÉTICA Y ENERGÍA SOLAR TÉRMICA;CICLO FORMATIVO GRADO SUPERIOR;353
MSP303;MONTAJE Y MANTENIMIENTO DE INSTALACIONES EDIFICIOS Y DE PROCESOS;CICLO FORMATIVO GRADO SUPERIOR;80
QUI301;ANÁLISIS Y CONTROL;CICLO FORMATIVO GRADO SUPERIOR;81
INV301;ESQUI ALPINO;CICLO FORMATIVO GRADO SUPERIOR;108
COM301;COMERCIO INTERNACIONAL;CICLO FORMATIVO GRADO SUPERIOR;109
COM302;GESTIÓN COMERCIAL Y MARKETING;CICLO FORMATIVO GRADO SUPERIOR;110
ART303;GRÁFICA PUBLICITARIA;CICLO FORMATIVO GRADO SUPERIOR;111
ADM301;ADMINISTRACIÓN Y FINANZAS;CICLO FORMATIVO GRADO SUPERIOR;112
FME301;CONSTRUCCIONES METÁLICAS;CICLO FORMATIVO GRADO SUPERIOR;113
ELE302;INSTALACIONES ELECTROTÉCNICAS;CICLO FORMATIVO GRADO SUPERIOR;114
FME303;PRODUCCIÓN POR FUNDICIÓN Y PULVIMETALURGIA;CICLO FORMATIVO GRADO SUPERIOR;115
FME302;DESARROLLO DE PROYECTOS MECÁNICOS;CICLO FORMATIVO GRADO SUPERIOR;116
FME304;PRODUCCIÓN POR MECANIZADO;CICLO FORMATIVO GRADO SUPERIOR;117
SAN306;LABORATORIO DE DIAGNÓSTICO CLÍNICO;CICLO FORMATIVO GRADO SUPERIOR;118
ADM302;SECRETARIADO;CICLO FORMATIVO GRADO SUPERIOR;119
ARG301;DISEÑO Y PRODUCCIÓN EDITORIAL;CICLO FORMATIVO GRADO SUPERIOR;120
FME302 (LOE);DISEÑO EN FABRICACION MECANICA;CICLO FORMATIVO GRADO SUPERIOR;443
HOT303 (LOE);GUIA, INFORMACION Y ASISTENCIAS TURISTICAS;CICLO FORMATIVO GRADO SUPERIOR;463
IFC301 (LOE);ADMINISTRACION DE SISTEMAS INFORMATICOS EN RED;CICLO FORMATIVO GRADO SUPERIOR;464
INA204 (LOE);ACEITES DE OLIVA Y VINO;CICLO FORMATIVO GRADO SUPERIOR;465
HOT301 (LOE);AGENCIAS DE VIAJES Y GESTIÓN DE EVENTOS;CICLO FORMATIVO GRADO SUPERIOR;481
INV302;ESQUI DE FONDO;CICLO FORMATIVO GRADO SUPERIOR;301
INV303;SNOWBOARD;CICLO FORMATIVO GRADO SUPERIOR;302
AGA304 (LOE);GANADERÍA Y ASISTENCIA EN SANIDAD ANIMAL;CICLO FORMATIVO GRADO SUPERIOR;1041
SSC304 (LOE);MEDIACIÓN COMUNICATIVA;CICLO FORMATIVO GRADO SUPERIOR;1061
SAN304(LOE);HIGIENE BUCODENTAL;CICLO FORMATIVO GRADO SUPERIOR;1081
SAN309 (LOE);RADIOTERAPIA Y DOSIMETRÍA;CICLO FORMATIVO GRADO SUPERIOR;1101
SAN303 (LOE);DOCUMENTACIÓN Y ADMINISTRACIÓN SANITARIAS;CICLO FORMATIVO GRADO SUPERIOR;1121
SAN306 (LOE);LABORATORIO CLÍNICO Y BIOMÉDICO;CICLO FORMATIVO GRADO SUPERIOR;1141
ARG311;TÉCNICO SUPERIOR DE ARTES PLÁSTICAS Y DISEÑO EN  GRÁFICA INTERACTIVA;CICLO FORMATIVO GRADO SUPERIOR;1221
ARG312;TÉCNICO SUPERIOR DE ARTES PLÁSTICAS Y DISEÑO EN  ANIMACIÓN;CICLO FORMATIVO GRADO SUPERIOR;1222
TMV301 (LOE);AUTOMOCIÓN;CICLO FORMATIVO GRADO SUPERIOR;386
EOC303;REALIZACIÓN Y PLANES DE OBRA;CICLO FORMATIVO GRADO SUPERIOR;401
FFS301;FÚTBOL;CICLO FORMATIVO GRADO SUPERIOR;421
HOT302 (LOE);GESTIÓN DE ALOJAMIENTOS TURÍSTICOS;CICLO FORMATIVO GRADO SUPERIOR;364
INA302 (LOE);VITIVINICULTURA;CICLO FORMATIVO GRADO SUPERIOR;368
IMA301 (LOE);MANTENIMIENTO DE INSTALACIONES TÉRMICAS Y DE FLUIDOS;CICLO FORMATIVO GRADO SUPERIOR;372
MAM302;PRODUCCIÓN DE MADERA Y MUEBLE;CICLO FORMATIVO GRADO SUPERIOR;49
MSP301;DESARROLLO DE PROYECTOS DE INSTALACIONES DE FLUIDOS, TÉRMICAS Y DE MANUTENCIÓN;CICLO FORMATIVO GRADO SUPERIOR;50
SAN308;PRÓTESIS DENTALES;CICLO FORMATIVO GRADO SUPERIOR;51
MVA302;MANTENIMIENTO AEROMECÁNICO;CICLO FORMATIVO GRADO SUPERIOR;52
MVA301;AUTOMOCIÓN;CICLO FORMATIVO GRADO SUPERIOR;53
MSP302;MANTENIMIENTO DE EQUIPO INDUSTRIAL;CICLO FORMATIVO GRADO SUPERIOR;54
MAM301;DESARROLLO DE PRODUCTOS EN CARPINTERIA Y MUEBLE;CICLO FORMATIVO GRADO SUPERIOR;55
HOT301;AGENCIAS DE VIAJES;CICLO FORMATIVO GRADO SUPERIOR;56
EOC302 (LOE);PROYECTOS DE OBRA CIVIL;CICLO FORMATIVO GRADO SUPERIOR;841
ELE301 (LOE);MANTENIMIENTO ELECTRÓNICO;CICLO FORMATIVO GRADO SUPERIOR;822
ELE303 (LOE);AUTOMATIZACIÓN Y ROBÓTICA INDUSTRIAL;CICLO FORMATIVO GRADO SUPERIOR;823
IMP302 (LOE);ESTÉTICA INTEGRAL Y BIENESTAR;CICLO FORMATIVO GRADO SUPERIOR;824
IMS302 (LOE);PRODUCCIÓN DE AUDIOVISUALES Y ESPECTÁCULOS;CICLO FORMATIVO GRADO SUPERIOR;862
FME301 (LOE);CONSTRUCCIONES METÁLICAS;CICLO FORMATIVO GRADO SUPERIOR;357
FME304 (LOE);PROGRAMACIÓN DE LA PRODUCCIÓN EN FABRICACIÓN MECÁNICA;CICLO FORMATIVO GRADO SUPERIOR;358
SAN304 (LOE);HIGIENE BUCODENTAL;CICLO FORMATIVO GRADO SUPERIOR;82
SAN303;DOCUMENTACIÓN SANITARIA;CICLO FORMATIVO GRADO SUPERIOR;83
ACA302;GESTIÓN Y ORGANIZACIÓN DE RECURSOS NATURALES Y PAISAJÍSTICOS;CICLO FORMATIVO GRADO SUPERIOR;84
QUI306;QUÍMICA AMBIENTAL;CICLO FORMATIVO GRADO SUPERIOR;85
CIS304;SONIDO;CICLO FORMATIVO GRADO SUPERIOR;86
ARG302;PROYECTOS Y DIRECCIÓN DE OBRAS DE DECORACIÓN;CICLO FORMATIVO GRADO SUPERIOR;87
ARG301;ESCULTURA;CICLO FORMATIVO GRADO SUPERIOR;88
EOC302;DESARROLLO DE PROYECTOS URBANÍSTICOS Y OPERACIONES TOPOGRÁFICAS;CICLO FORMATIVO GRADO SUPERIOR;89
ART305;FOTOGRAFÍA;CICLO FORMATIVO GRADO SUPERIOR;90
ART310;JOYERÍA ARTÍSTICA;CICLO FORMATIVO GRADO SUPERIOR;91
ARG309;ARQUITECTURA EFÍMERA;CICLO FORMATIVO GRADO SUPERIOR;92
ELE301;DESARROLLO DE PRODUCTOS ELECTRÓNICOS;CICLO FORMATIVO GRADO SUPERIOR;93
ARG304;ILUSTRACIÓN;CICLO FORMATIVO GRADO SUPERIOR;94
ELE303;SISTEMAS DE REGULACIÓN Y CONTROL AUTOMÁTICOS;CICLO FORMATIVO GRADO SUPERIOR;95
EOC301;DESARROLLO Y APLICACIÓN DE PROYECTOS DE CONSTRUCCIÓN;CICLO FORMATIVO GRADO SUPERIOR;96
ARG308;AMUEBLAMIENTO;CICLO FORMATIVO GRADO SUPERIOR;97
ELE304;SISTEMAS DE TELECOMUNICACIÓN E INFORMÁTICOS;CICLO FORMATIVO GRADO SUPERIOR;98
COM303;GESTIÓN DEL TRANSPORTE;CICLO FORMATIVO GRADO SUPERIOR;99
FFS302;FÚTBOL SALA;CICLO FORMATIVO GRADO SUPERIOR;100
COM304;SERVICIOS AL CONSUMIDOR;CICLO FORMATIVO GRADO SUPERIOR;101
SAN301 (LOE);ANATOMÍA PATOLÓGICA Y CITODIAGNÓSTICO;CICLO FORMATIVO GRADO SUPERIOR;1161
SAN305 (LOE);IMAGEN PARA EL DIAGNÓSTICO Y MEDICINA NUCLEAR;CICLO FORMATIVO GRADO SUPERIOR;1162
CIS303;REALIZACIÓN DE AUDIOVISUALES Y ESPECTÁCULOS;CICLO FORMATIVO GRADO SUPERIOR;102
CIS301;IMAGEN;CICLO FORMATIVO GRADO SUPERIOR;103
IFC303 (LOE);DESARROLLO DE APLICACIONES WEB;CICLO FORMATIVO GRADO SUPERIOR;581
CIS302;PRODUCCIÓN DE AUDIOVISUALES, RADIO Y ESPECTÁCULOS;CICLO FORMATIVO GRADO SUPERIOR;104
ARG307;GRABADO Y TÉCNICAS DE ESTAMPACIÓN;CICLO FORMATIVO GRADO SUPERIOR;105
ARG306;CERÁMICA;CICLO FORMATIVO GRADO SUPERIOR;106
MES301;ALTA MONTAÑA;CICLO FORMATIVO GRADO SUPERIOR;107
QUI301 (LOE);LABORATORIO DE ANÁLISIS Y CONTROL DE CALIDAD;CICLO FORMATIVO GRADO SUPERIOR;375
QUI304 (LOE);QUÍMICA INDUSTRIAL;CICLO FORMATIVO GRADO SUPERIOR;376
SSC302 (LOE);EDUCACIÓN INFANTIL;CICLO FORMATIVO GRADO SUPERIOR;379
TCP301 (LOE);PATRONAJE Y MODA;CICLO FORMATIVO GRADO SUPERIOR;382
IMS303 (LOE);REALIZACIÓN DE PROYECTOS AUDIOVISUALES Y ESPECTÁCULOS;CICLO FORMATIVO GRADO SUPERIOR;863
MAM301 (LOE);DISEÑO Y AMUEBLAMIENTO;CICLO FORMATIVO GRADO SUPERIOR;865
ADG302 (LOE);ASISTENCIA A LA DIRECCIÓN;CICLO FORMATIVO GRADO SUPERIOR;963
COM302 (LOE);GESTIÓN DE VENTAS Y ESPACIOS COMERCIALES;CICLO FORMATIVO GRADO SUPERIOR;965
SSC301 (LOE);ANIMACIÓN SOCIOCULTURAL Y TURÍSTICA;CICLO FORMATIVO GRADO SUPERIOR;966
SSC303 (LOE);INTEGRACIÓN SOCIAL;CICLO FORMATIVO GRADO SUPERIOR;967
IMP301 (LOE);ASESORÍA DE IMAGEN PERSONAL Y CORPORATIVA;CICLO FORMATIVO GRADO SUPERIOR;969
AGA303 (LOE);PAISAJISMO Y MEDIO RURAL;CICLO FORMATIVO GRADO SUPERIOR;970
IMS305 (LOE);ANIMACIONES 3D, JUEGOS Y ENTORNOS INTERACTIVOS;CICLO FORMATIVO GRADO SUPERIOR;971
IMP303 (LOE);ESTILISMO Y DIRECCIÓN DE PELUQUERÍA;CICLO FORMATIVO GRADO SUPERIOR;973
COM304 (LOE);MARKETING Y PUBLICIDAD;CICLO FORMATIVO GRADO SUPERIOR;974
ARG301 (LOE);DISEÑO Y EDICIÓN DE PUBLICACIONES IMPRESAS Y MULTIMEDIA;CICLO FORMATIVO GRADO SUPERIOR;1001
SSC305 (LOE);PROMOCIÓN DE IGUALDAD DE GÉNERO;CICLO FORMATIVO GRADO SUPERIOR;1003
FME305 (LOE);PROGRAMACIÓN DE LA PRODUCCIÓN EN MOLDEO DE METALES Y POLÍMEROS;CICLO FORMATIVO GRADO SUPERIOR;1004
ENA302 (LOE);ENERGÍAS RENOVABLES;CICLO FORMATIVO GRADO SUPERIOR;601
EOC301 (LOE);PROYECTOS DE EDIFICACIÓN;CICLO FORMATIVO GRADO SUPERIOR;621
HOT303;INFORMACIÓN Y COMERCIALIZACIÓN TURÍSTICAS;CICLO FORMATIVO GRADO SUPERIOR;57
IMP301;ASESORÍA DE IMAGEN PERSONAL;CICLO FORMATIVO GRADO SUPERIOR;58
HOT302;ALOJAMIENTO;CICLO FORMATIVO GRADO SUPERIOR;59
HOT304 (LOE);DIRECCIÓN DE SERVICIOS DE RESTAURACIÓN;CICLO FORMATIVO GRADO SUPERIOR;643
HOT305 (LOE);DIRECCIÓN DE COCINA;CICLO FORMATIVO GRADO SUPERIOR;644
INA301 (LOE);PROCESOS Y CALIDAD EN LA INDUSTRIA ALIMENTARIA;CICLO FORMATIVO GRADO SUPERIOR;645
IFC302 (LOE);DESARROLLO DE APLICACIONES MULTIPLATAFORMA;CICLO FORMATIVO GRADO SUPERIOR;646
ELE302 (LOE);SISTEMAS ELECTROTÉCNICOS Y AUTOMATIZADOS;CICLO FORMATIVO GRADO SUPERIOR;650
HOT304;RESTAURACIÓN;CICLO FORMATIVO GRADO SUPERIOR;60
IMP302;ESTÉTICA;CICLO FORMATIVO GRADO SUPERIOR;61
INF301;ADMINISTRACIÓN DE SISTEMAS INFORMÁTICOS;CICLO FORMATIVO GRADO SUPERIOR;62
AGA302 (LOE);GESTIÓN FORESTAL Y DEL MEDIO NATURAL;CICLO FORMATIVO GRADO SUPERIOR;802
COM301 (LOE);COMERCIO INTERNACIONAL;CICLO FORMATIVO GRADO SUPERIOR;803
COM303 (LOE);TRANSPORTE Y LOGÍSTICA;CICLO FORMATIVO GRADO SUPERIOR;821
ELE304 (LOE);SISTEMAS DE TELECOMUNICACIONES E INFORMÁTICOS;CICLO FORMATIVO GRADO SUPERIOR;861
IMS301 (LOE);ILUMINACIÓN, CAPTACIÓN Y TRATAMIENTO DE IMAGEN;CICLO FORMATIVO GRADO SUPERIOR;825
IMS304 (LOE);SONIDO PARA AUDIOVISUALES Y ESPECTÁCULOS;CICLO FORMATIVO GRADO SUPERIOR;864
IMA302 (LOE);MECATRÓNICA INDUSTRIAL;CICLO FORMATIVO GRADO SUPERIOR;826
SAN308 (LOE);PRÓTESIS DENTALES;CICLO FORMATIVO GRADO SUPERIOR;827
ADG301 (LOE);ADMINISTRACION Y FINANZAS;CICLO FORMATIVO GRADO SUPERIOR;801
INA301;INDUSTRIAS ALIMENTARIAS;CICLO FORMATIVO GRADO SUPERIOR;64
INF302;DESARROLLO DE APLICACIONES INFORMÁTICAS;CICLO FORMATIVO GRADO SUPERIOR;63
AFD301;ANIMACIÓN DE ACTIVIDADES FÍSICAS Y DEPORTIVAS;CICLO FORMATIVO GRADO SUPERIOR;65
SAN309;RADIOTERAPIA;CICLO FORMATIVO GRADO SUPERIOR;66
SSC301;ANIMACIÓN SOCIOCULTURAL;CICLO FORMATIVO GRADO SUPERIOR;67
SAN302;DIETÉTICA;CICLO FORMATIVO GRADO SUPERIOR;68
SAN301;ANATOMÍA PATOLÓGICA Y CITOLOGÍA;CICLO FORMATIVO GRADO SUPERIOR;69
SAN310;SALUD AMBIENTAL;CICLO FORMATIVO GRADO SUPERIOR;70
TCP303;PROCESOS DE CONFECCIÓN INDUSTRIAL;CICLO FORMATIVO GRADO SUPERIOR;71
TCP302;PATRONAJE;CICLO FORMATIVO GRADO SUPERIOR;72
SSC302;EDUCACIÓN INFANTIL;CICLO FORMATIVO GRADO SUPERIOR;73
SSC304;INTERPRETACIÓN DE LA LENGUA DE SIGNOS;CICLO FORMATIVO GRADO SUPERIOR;74
SSC303;INTEGRACIÓN SOCIAL;CICLO FORMATIVO GRADO SUPERIOR;75
QUI304;INDUSTRIAS DE PROCESO QUÍMICO;CICLO FORMATIVO GRADO SUPERIOR;76
ACA301;GESTIÓN Y ORGANIZACIÓN DE EMPRESAS AGROPECUARIAS;CICLO FORMATIVO GRADO SUPERIOR;77
SAN305;IMAGEN PARA EL DIAGNÓSTICO;CICLO FORMATIVO GRADO SUPERIOR;78
MSP304;PREVENCIÓN DE RIESGOS PROFESIONALES;CICLO FORMATIVO GRADO SUPERIOR;79
MES302;TÉCNICO DEPORTIVO SUPERIOR EN ESCALADA;CICLO FORMATIVO GRADO SUPERIOR;1247
MES303;TÉCNICO DEPORTIVO SUPERIOR EN ESQUÍ DE MONTAÑA;CICLO FORMATIVO GRADO SUPERIOR;1267
EOC303 (LOE);ORGANIZACIÓN Y CONTROL DE OBRAS DE CONSTRUCCIÓN;CICLO FORMATIVO GRADO SUPERIOR;1307
ART311;GRÁFICA INTERACTIVA;CICLO FORMATIVO GRADO SUPERIOR;1347
ART312;ANIMACIÓN;CICLO FORMATIVO GRADO SUPERIOR;1348
ART302;PROYECTOS Y DIRECCIÓN DE OBRAS DE DECORACIÓN;CICLO FORMATIVO GRADO SUPERIOR;1367
ART301;TÉCNICAS ESCULTÓRICAS;CICLO FORMATIVO GRADO SUPERIOR;1349
ART306;CERÁMICA ARTÍSTICA;CICLO FORMATIVO GRADO SUPERIOR;1368
ART309;ARQUITECTURA EFÍMERA;CICLO FORMATIVO GRADO SUPERIOR;1350
ART304;ILUSTRACIÓN;CICLO FORMATIVO GRADO SUPERIOR;1369
ART307;GRABADO Y TÉCNICAS DE ESTAMPACIÓN;CICLO FORMATIVO GRADO SUPERIOR;1388
ART313;ESCULTURA APLICADA AL ESPECTACULO;CICLO FORMATIVO GRADO SUPERIOR;1351
SEA302;COORDINACIÓN DE EMERGENCIAS Y PROTECCIÓN CIVIL;CICLO FORMATIVO GRADO SUPERIOR;1407
IFC101 (LOE);AUXILIAR INFORMÁTICO;PROGRAMAS DE CUALIFICACIÓN PROFESIONAL INICIAL;369
AGA101 (LOE);ACTIVIDADES AUXILIARES EN GANADERÍA;PROGRAMAS DE CUALIFICACIÓN PROFESIONAL INICIAL;342
IMP101 (LOE);AUXILIAR DE PELUQUERÍA;PROGRAMAS DE CUALIFICACIÓN PROFESIONAL INICIAL;365
VIC101 (LOE);OPERARIO DE PRODUCTOS CERÁMICOS;PROGRAMAS DE CUALIFICACIÓN PROFESIONAL INICIAL;387
TCP102 (LOE);OPERARIO EN DISEÑO Y CONFECCIÓN EN TEXTIL, DECORACIÓN Y HOGAR;PROGRAMAS DE CUALIFICACIÓN PROFESIONAL INICIAL;381
TCP101 (LOE);AUXILIAR DE LAVANDERÍA Y ARREGLOS DE ARTÍCULOS TEXTILES;PROGRAMAS DE CUALIFICACIÓN PROFESIONAL INICIAL;380
SSC101 (LOE);AUXILIAR DE LIMPIEZA Y EMPLEO DOMÉSTICO;PROGRAMAS DE CUALIFICACIÓN PROFESIONAL INICIAL;623
TMV102 (LOE);AUXILIAR DE REPARACIÓN ELECTROMECÁNICO DE VEHÍCULOS;PROGRAMAS DE CUALIFICACIÓN PROFESIONAL INICIAL;384
HOT103 (LOE);AYUDANTE DE PASTELERÍA Y PANADERÍA;PROGRAMAS DE CUALIFICACIÓN PROFESIONAL INICIAL;361
HOT102 (LOE);AYUDANTE DE RESTAURANTE Y BAR;PROGRAMAS DE CUALIFICACIÓN PROFESIONAL INICIAL;360
HOT101 (LOE);AYUDANTE DE COCINA;PROGRAMAS DE CUALIFICACIÓN PROFESIONAL INICIAL;359
FME101 (LOE);OPERARIO AUXILIAR DE MECANIZADO Y MONTAJE;PROGRAMAS DE CUALIFICACIÓN PROFESIONAL INICIAL;354
PCEAL;PCE ALOJAMIENTO Y LAVANDERÍA;PROGRAMAS DE CUALIFICACIÓN PROFESIONAL INICIAL;1241
COM101 (LOE);AUXILIAR DE COMERCIO;PROGRAMAS DE CUALIFICACIÓN PROFESIONAL INICIAL;347
ARG101 (LOE);OPERARIO DE REPROGRAFÍA;PROGRAMAS DE CUALIFICACIÓN PROFESIONAL INICIAL;346
TMV101 (LOE);AUXILIAR DE REPARACIÓN DE CARROCERÍA DE VEHÍCULOS;PROGRAMAS DE CUALIFICACIÓN PROFESIONAL INICIAL;383
AGA104 (LOE);OPERARIO DE ACTIVIDADES AUXILIARES FORESTALES;PROGRAMAS DE CUALIFICACIÓN PROFESIONAL INICIAL;345
AGA103 (LOE);OPERARIO DE VIVEROS, JARDINES Y CENTROS DE JARNIDERÍA;PROGRAMAS DE CUALIFICACIÓN PROFESIONAL INICIAL;344
AGA102 (LOE);OPERARIO DE ACTIVIDADES AUXILIARES  EN AGRICULTURA;PROGRAMAS DE CUALIFICACIÓN PROFESIONAL INICIAL;343
IMA101 (LOE);AUXILIAR EN OPERACIONES DE FONTANERÍA, CALEFACCIÓN Y CLIMATIZACIÓN;PROGRAMAS DE CUALIFICACIÓN PROFESIONAL INICIAL;371
MAM101 (LOE);OPERARIO DE CARPINTERÍA Y MUEBLE;PROGRAMAS DE CUALIFICACIÓN PROFESIONAL INICIAL;373
PCE;PROFESIONAL BASICO EN  ACTIVIDADES DOMESTICAS Y LIMPIEZA DE EDIFICIOS;PROGRAMAS DE CUALIFICACIÓN PROFESIONAL INICIAL;1321
COM102 (LOE);OPERARIO DE ALMACÉN;PROGRAMAS DE CUALIFICACIÓN PROFESIONAL INICIAL;348
EOC101 (LOE);OPERARIO DE TABIQUERÍA Y REVESTIMIENTOS CONTINUOS EN CONSTRUCCIÓN;PROGRAMAS DE CUALIFICACIÓN PROFESIONAL INICIAL;349
EOC102 (LOE);OPERARIO AUXILIAR EN CONSTRUCCIONES CON HORMIGÓN;PROGRAMAS DE CUALIFICACIÓN PROFESIONAL INICIAL;350
ADG101 (LOE);AYUDANTE ADMINISTRATIVO;PROGRAMAS DE CUALIFICACIÓN PROFESIONAL INICIAL;341
IMP102 (LOE);AUXILIAR DE ESTÉTICA;PROGRAMAS DE CUALIFICACIÓN PROFESIONAL INICIAL;366
FPB16;APROVECHAMIENTOS FORESTALES;CICLO FORMATIVO FORMACIÓN PROFESIONAL BÁSICA;1008
FPB115;ACTIVIDADES AGROPECUARIAS;CICLO FORMATIVO FORMACIÓN PROFESIONAL BÁSICA;1007
FPB107;AGRO-JARDINERIA Y COMPOSICIONES FLORALES;CICLO FORMATIVO FORMACIÓN PROFESIONAL BÁSICA;1006
FPB101;SERVICIOS ADMINISTRATIVOS;CICLO FORMATIVO FORMACIÓN PROFESIONAL BÁSICA;1005
FPB116;APROVECHAMIENTOS FORESTALES;CICLO FORMATIVO FORMACIÓN PROFESIONAL BÁSICA;1261
FPB111;REFORMA Y MANTENIMIENTO DE EDIFICIOS;CICLO FORMATIVO FORMACIÓN PROFESIONAL BÁSICA;1201
FPB122;ACTIVIDADES DE PASTELERÍA Y PANADERÍA;CICLO FORMATIVO FORMACIÓN PROFESIONAL BÁSICA;1207
FPB109;SERVICIOS COMERCIALES;CICLO FORMATIVO FORMACIÓN PROFESIONAL BÁSICA;1010
FPB102;ELECTRICIDAD Y ELECTRÓNICA;CICLO FORMATIVO FORMACIÓN PROFESIONAL BÁSICA;1011
FPB103;FABRICACIÓN Y MONTAJE;CICLO FORMATIVO FORMACIÓN PROFESIONAL BÁSICA;1012
FPB105;COCINA Y RESTAURACIÓN;CICLO FORMATIVO FORMACIÓN PROFESIONAL BÁSICA;1013
FPB108;PELUQUERÍA Y ESTÉTICA;CICLO FORMATIVO FORMACIÓN PROFESIONAL BÁSICA;1014
FPB19;INDUSTRIAS ALIMENTARIAS;CICLO FORMATIVO FORMACIÓN PROFESIONAL BÁSICA;1015
FPB104;INFORMÁTICA Y COMUNICACIONES;CICLO FORMATIVO FORMACIÓN PROFESIONAL BÁSICA;1016
FPB110;CARPINTERÍA Y MUEBLE;CICLO FORMATIVO FORMACIÓN PROFESIONAL BÁSICA;1019
FPB112;ARREGLO Y REPARACIÓN DE ARTÍCULOS TEXTILES Y DE PIEL;CICLO FORMATIVO FORMACIÓN PROFESIONAL BÁSICA;1020
FPB106;MANTENIMIENTO DE VEHÍCULOS;CICLO FORMATIVO FORMACIÓN PROFESIONAL BÁSICA;1021
FPB124;MANTENIMIENTO DE VIVIENDAS;CICLO FORMATIVO FORMACIÓN PROFESIONAL BÁSICA;1087
FPB117;ARTES GRÁFICAS;CICLO FORMATIVO FORMACIÓN PROFESIONAL BÁSICA;1009
FPB121;INFORMÁTICA DE OFICINA;CICLO FORMATIVO FORMACIÓN PROFESIONAL BÁSICA;1147
FPB126;INSTALACIONES ELECTROTÉCNICAS Y MECÁNICA;CICLO FORMATIVO FORMACIÓN PROFESIONAL BÁSICA;1127
FPB125; FABRICACIÓN DE ELEMENTOS METÁLICOS;CICLO FORMATIVO FORMACIÓN PROFESIONAL BÁSICA;1187
FPB06;MANTENIMIENTO DE VEHÍCULOS;CICLO FORMATIVO FORMACIÓN PROFESIONAL BÁSICA;999
FPB12;ARREGLO Y REPARACIÓN DE ARTÍCULOS TEXTILES Y DE PIEL;CICLO FORMATIVO FORMACIÓN PROFESIONAL BÁSICA;998
FPB10;CARPINTERÍA Y MUEBLE;CICLO FORMATIVO FORMACIÓN PROFESIONAL BÁSICA;997
FPB08;PELUQUERÍA Y ESTÉTICA;CICLO FORMATIVO FORMACIÓN PROFESIONAL BÁSICA;994
FPB05;COCINA Y RESTAURACIÓN;CICLO FORMATIVO FORMACIÓN PROFESIONAL BÁSICA;993
FPB03;FABRICACIÓN Y MONTAJE;CICLO FORMATIVO FORMACIÓN PROFESIONAL BÁSICA;992
FPB02;ELECTRICIDAD Y ELECTRÓNICA;CICLO FORMATIVO FORMACIÓN PROFESIONAL BÁSICA;991
FPB09;SERVICIOS COMERCIALES;CICLO FORMATIVO FORMACIÓN PROFESIONAL BÁSICA;990
FPB17;ARTES GRÁFICAS;CICLO FORMATIVO FORMACIÓN PROFESIONAL BÁSICA;989
FPB15;ACTIVIDADES AGROPECUARIAS;CICLO FORMATIVO FORMACIÓN PROFESIONAL BÁSICA;987
FPB07;AGRO-JARDINERIA Y COMPOSICIONES FLORALES;CICLO FORMATIVO FORMACIÓN PROFESIONAL BÁSICA;986
FPB01;SERVICIOS ADMINISTRATIVOS;CICLO FORMATIVO FORMACIÓN PROFESIONAL BÁSICA;985
FPB04;INFORMÁTICA Y COMUNICACIONES;CICLO FORMATIVO FORMACIÓN PROFESIONAL BÁSICA;996
